{
  "report_id": "pins-inventory-20251101-125320",
  "timestamp": "2025-11-01T12:53:20.133730+00:00",
  "agente": "SOP-v3.0",
  "objetivo": "Inventário completo de todos os PINs da FÁBRICA",
  "pins_encontrados": 5,
  "pins": [
    {
      "path": "core/orquestrador/PIN_SOP.md",
      "agent": "SOP",
      "version": "v3.0",
      "status": "ATIVO",
      "size_bytes": 4818,
      "last_modified": "2025-11-01T01:04:12.005008+00:00",
      "missao": "Validar que todos os módulos, pipelines e relatórios obedecem à Constituição e às Leis da FÁBRICA. Fiscalizar gates G2-G3 e decidir PASS/BLOQUEADO com base em evidências verificáveis.\n\n---",
      "tem_regra_abertura": true
    },
    {
      "path": "Torre/orquestrador/PIN_ESTADO_MAIOR.md",
      "agent": "ESTADO-MAIOR",
      "version": "v1.0",
      "status": "ATIVO",
      "size_bytes": 3534,
      "last_modified": "2025-10-31T23:48:52.689399+00:00",
      "missao": "Definir estratégia, tomar decisões, criar e alterar regras/constituição/pipeline, aprovar gates e emitir ordens para o Engenheiro executar.\n\n---",
      "tem_regra_abertura": true
    },
    {
      "path": "Torre/orquestrador/PIN_ESTADO_MAIOR.yaml",
      "agent": "ESTADO-MAIOR",
      "version": "v1.0",
      "status": "ATIVO",
      "size_bytes": 3243,
      "last_modified": "2025-11-01T11:09:30.568624+00:00"
    },
    {
      "path": "docs/ENGINEER_PIN.md",
      "agent": "ENGENHEIRO",
      "version": "v3.0",
      "status": "ATIVO",
      "size_bytes": 3538,
      "last_modified": "2025-11-01T01:04:47.764809+00:00"
    },
    {
      "path": "factory/pins/_deprecated/PIN_TORRE_v2.md",
      "agent": "ENGENHEIRO-TORRE",
      "version": "v2.0",
      "status": "DEPRECADO",
      "size_bytes": 7270,
      "last_modified": "2025-11-01T11:45:18.337282+00:00"
    }
  ],
  "resumo": {
    "ativos": 4,
    "deprecados": 1,
    "agentes_unicos": 4
  },
  "artefactos_citados": {
    "pin_sop": "core/orquestrador/PIN_SOP.md",
    "pin_estado_maior": "Torre/orquestrador/PIN_ESTADO_MAIOR.md",
    "pin_estado_maior_yaml": "Torre/orquestrador/PIN_ESTADO_MAIOR.yaml",
    "pin_engenheiro": "docs/ENGINEER_PIN.md",
    "pin_torre_deprecado": "factory/pins/_deprecated/PIN_TORRE_v2.md"
  }
}