{
  "data": "2025-11-01",
  "pins": [
    {
      "id": "PIN-001",
      "status": "deprecated",
      "papel": "build/test",
      "path": "factory/pins/old_build_pin.yaml"
    },
    {
      "id": "PIN-002",
      "status": "deprecated",
      "papel": "ordem/ci",
      "path": "factory/pins/ordem_ci_2024.yaml"
    },
    {
      "id": "PIN-003",
      "status": "active",
      "papel": "gatekeeper (parecer)",
      "path": "factory/pins/gatekeeper_2025.yaml"
    }
  ],
  "guarda": "Nenhum outro PIN além do gatekeeper ativo. Conforme plano, pronto para cleanup."
}
