{
  "timestamp": "2025-11-01T12:42:40.403369",
  "agent": "ENGENHEIRO",
  "objective": "Saneamento PINs - Remover auto-exec, exigir ACK obrigatório, proibir EM/GK/SOP",
  "actions": [
    {
      "action": "analisar_pin_v3",
      "file": "core/orquestrador/engineer_cli.py",
      "auto_exec_issues": [
        "ACK não bloqueia execução - continua mesmo sem ACK"
      ],
      "embedded_orders": [
        "Steps hardcoded encontrados no código"
      ],
      "missing_prohibitions": [
        "Não há proibição explícita de atuar como Gatekeeper",
        "Não há proibição explícita de atuar como SOP"
      ]
    },
    {
      "action": "mover_para_deprecated",
      "source": "Torre/orquestrador/engineer_executor.py",
      "dest": "factory/pins/_deprecated/engineer_executor.py",
      "reason": "Versão antiga com conflitos, substituída por v3.0"
    },
    {
      "action": "mover_para_deprecated",
      "source": "Torre/orquestrador/PIN.md",
      "dest": "factory/pins/_deprecated/PIN.md",
      "reason": "Versão antiga da TORRE, conflita com v3.0 FÁBRICA"
    }
  ],
  "guards": [
    {
      "guard": "ACK_obrigatorio",
      "description": "Bloquear execução se ordem não tiver ACK=ACCEPTED",
      "implementation": "if order.get('ack') != 'ACCEPTED': return 1"
    },
    {
      "guard": "mailbox_valido",
      "description": "Validar mailbox antes de executar",
      "implementation": "if not is_mailbox_valid(orders): return 2"
    },
    {
      "guard": "proibir_EM_GK_SOP",
      "description": "Abortar se tentar atuar como EM/GK/SOP",
      "implementation": "Verificar se steps contêm comandos de EM/GK/SOP e abortar"
    },
    {
      "guard": "unico_pin_ativo",
      "description": "Abortar se houver outros PINs ativos além do v3",
      "implementation": "Verificar factory/pins/engenheiro.yaml é único PIN ativo"
    }
  ],
  "conflicts": [
    "ENGENHEIRO-TORRE-v1.0 e v2.0 conflitam com ENGENHEIRO-FABRICA-v3.0",
    "Múltiplas versões ativas podem causar comportamento inconsistente"
  ]
}